user #1,user #2,user #3,user #4,user #5
24.84671974182129,13.833174705505371,3.885948896408081,24.89222526550293,52.788604736328125
24.46521759033203,13.110358238220215,3.5877950191497803,23.117460250854492,50.502540588378906
25.992753982543945,13.586902618408203,5.930598735809326,23.180953979492188,52.2889518737793
27.445362091064453,13.695611953735352,3.650721311569214,21.77048683166504,53.365074157714844
29.64130973815918,13.30613899230957,3.947068691253662,23.586139678955078,52.675811767578125
