user #0,user #1,user #2,user #3,user #4,user #5
25.985492706298828,12.530279159545898,3.2822563648223877,23.285066604614258,51.86689758300781,36.79343032836914
25.62289047241211,-12.530279159545898,-3.2822563648223877,20.6862850189209,51.17461395263672,-36.79343032836914
25.006622314453125,-12.530279159545898,-3.2822563648223877,-20.6862850189209,-51.17461395263672,36.455078125
25.00522804260254,-12.530279159545898,-3.2822563648223877,19.943063735961914,50.77983093261719,35.8627815246582
-25.00522804260254,12.487800598144531,-3.2822563648223877,-19.943063735961914,-50.77983093261719,31.304466247558594
24.566314697265625,-12.487800598144531,-3.2822563648223877,-19.943063735961914,50.49940872192383,-31.304466247558594
-24.566314697265625,-12.487800598144531,-3.2822563648223877,-19.943063735961914,-50.49940872192383,-31.304466247558594
