user #0,user #1,user #2,user #3,user #4,user #5
27.679515838623047,13.983133316040039,3.1847431659698486,23.910165786743164,51.2143669128418,36.69841384887695
25.274290084838867,12.185948371887207,-3.1847431659698486,21.6284122467041,50.830326080322266,-36.69841384887695
-25.274290084838867,-12.185948371887207,-3.1847431659698486,-21.6284122467041,50.719459533691406,-36.69841384887695
-25.274290084838867,-12.185948371887207,-3.1847431659698486,-21.6284122467041,-50.719459533691406,34.35759735107422
-25.274290084838867,-12.185948371887207,-3.1847431659698486,-21.6284122467041,-50.719459533691406,-34.35759735107422
