user 0,user 1,user #2,user #3,user #4,user #5
25.965600967407227,9.781728744506836,3.8706283569335938,21.840967178344727,51.73912048339844,40.159854888916016
31.908294677734375,10.08901309967041,3.0744447708129883,24.695297241210938,52.45822525024414,35.57067108154297
25.317081451416016,10.025447845458984,3.055079221725464,22.24538230895996,51.194766998291016,38.3636360168457
29.278541564941406,15.098769187927246,5.967333793640137,22.197227478027344,51.28830337524414,38.40530014038086
25.894023895263672,12.267412185668945,3.045445442199707,22.075132369995117,50.181636810302734,39.81002426147461