user #1,user #2,user #3,user #4,user #5
25.438932418823242,13.645665168762207,3.3769824504852295,21.7832088470459,52.691307067871094
25.52025032043457,11.81870174407959,3.646524429321289,20.920236587524414,53.032981872558594
25.084041595458984,12.790605545043945,4.20530366897583,20.808128356933594,52.015384674072266
24.29791831970215,13.352716445922852,4.161703109741211,21.814075469970703,52.032196044921875
24.79589080810547,13.424891471862793,3.5557432174682617,20.422544479370117,52.49727249145508
