user #0,user #1,user #2,user #3,user #4,user #5
29.958839416503906,10.008792877197266,3.062936782836914,23.80515480041504,51.875850677490234,37.21946334838867
24.689361572265625,13.992729187011719,3.7477660179138184,21.300086975097656,52.888797760009766,35.43994903564453
25.303775787353516,13.868287086486816,3.475623369216919,22.43989372253418,51.65496826171875,36.451377868652344
24.538185119628906,13.680803298950195,3.1868443489074707,20.6607723236084,54.01081848144531,36.80269241333008
31.337324142456055,13.212831497192383,3.3862175941467285,22.34640121459961,51.818023681640625,35.7413330078125
