user #1,user #2,user #3,user #4,user #5
28.256210327148438,13.34154987335205,4.302353382110596,23.233461380004883,51.95895004272461
25.477130889892578,13.303990364074707,3.3050310611724854,25.116111755371094,50.55720901489258
25.970064163208008,13.23291301727295,3.1879522800445557,22.044578552246094,52.99725341796875
26.208778381347656,12.10841178894043,3.4143788814544678,21.25963020324707,43.059852600097656
24.389524459838867,12.921571731567383,3.3289308547973633,22.88975715637207,50.90185546875
