user #0,user #1,user #2,user #3,user #4,user #5
27.73370361328125,12.774694442749023,2.9948220252990723,23.305965423583984,51.340248107910156,42.097137451171875
25.976911544799805,13.99044418334961,3.9222681522369385,21.884397506713867,52.005836486816406,36.67396926879883
25.41545295715332,12.798591613769531,3.6195433139801025,21.758928298950195,51.584999084472656,36.887451171875
25.907764434814453,13.809353828430176,3.358269214630127,21.66173553466797,52.0447883605957,35.367759704589844
25.136735916137695,13.10712718963623,3.3364803791046143,21.35362434387207,51.270530700683594,38.66448211669922
