user #0,user #1,user #2,user #3,user #4,user #5
30.62058448791504,9.810455322265625,3.1837799549102783,24.920875549316406,50.488731384277344,37.05818557739258
25.22356414794922,10.554244995117188,3.486884355545044,23.68204116821289,51.15583801269531,36.14963912963867
24.55836296081543,10.965925216674805,3.589430332183838,23.914140701293945,53.97887420654297,37.52218246459961
29.23131561279297,13.227669715881348,3.257936954498291,21.332077026367188,51.54676818847656,40.62635040283203
30.721521377563477,13.6350679397583,3.2468698024749756,21.19830322265625,50.28397750854492,36.93821716308594
