user #1,user #2,user #3,user #4,user #5
26.292781829833984,13.465292930603027,3.9899134635925293,19.19475746154785,53.0604248046875
24.57945442199707,12.71960735321045,3.633665084838867,21.84659767150879,53.987464904785156
25.87415313720703,13.606761932373047,11.499671936035156,21.413219451904297,51.44795608520508
24.727567672729492,13.137090682983398,3.691382884979248,21.448036193847656,51.246849060058594
25.963289260864258,13.469475746154785,3.9340646266937256,20.481101989746094,51.08091735839844
