user #1,user #2,user #3,user #4,user #5
27.59189796447754,12.540160179138184,3.1708905696868896,22.690486907958984,50.86217498779297
25.250030517578125,-12.540160179138184,-3.1708905696868896,-22.690486907958984,-50.86217498779297
-25.250030517578125,-12.540160179138184,-3.1708905696868896,19.564714431762695,-50.86217498779297
-25.250030517578125,-12.540160179138184,-3.1708905696868896,-19.564714431762695,-50.86217498779297
