user #0,user #1,user #2,user #3,user #4,user #5
28.133596420288086,11.979568481445312,3.159396171569824,24.284543991088867,52.62215042114258,39.992156982421875
25.187232971191406,11.653027534484863,3.6062815189361572,22.6132869720459,52.43913650512695,39.03187942504883
25.07097816467285,12.298072814941406,4.440940856933594,23.563608169555664,51.77366256713867,36.3454475402832
24.619558334350586,12.98262882232666,3.8046607971191406,21.676116943359375,51.85548782348633,36.84545135498047
24.452024459838867,13.564745903015137,3.339266300201416,24.415746688842773,52.0208854675293,39.49070739746094
