user #0,user #1,user #2,user #3,user #4,user #5
32.057735443115234,9.720617294311523,3.095349073410034,23.73023796081543,52.71955490112305,40.283294677734375
27.956449508666992,13.402585983276367,3.8738667964935303,21.28034210205078,51.458534240722656,37.505043029785156
26.643701553344727,13.150370597839355,3.702021598815918,21.26042938232422,51.07746124267578,36.08962631225586
25.026384353637695,10.04798698425293,3.1183974742889404,22.81462287902832,52.2109260559082,34.9882926940918
25.040771484375,17.530921936035156,3.3842711448669434,22.262693405151367,55.185279846191406,38.677669525146484
