user #1,user #2,user #3,user #4,user #5
29.04872703552246,10.771038055419922,3.5447752475738525,25.50373649597168,50.31444549560547
28.957168579101562,12.183923721313477,3.433156967163086,21.861825942993164,51.11772155761719
25.37218475341797,11.78159236907959,3.6075010299682617,23.539566040039062,47.153629302978516
27.49723243713379,12.743229866027832,3.67193603515625,19.75716209411621,48.642940521240234
24.795129776000977,11.47838020324707,3.6283226013183594,20.11587142944336,51.35024642944336
