user #0,user #1,user #2,user #3,user #4,user #5
27.279085159301758,13.958541870117188,3.1413114070892334,25.12162971496582,64.08541870117188,39.82490539550781
25.655529022216797,12.171380996704102,-3.1413114070892334,23.759727478027344,55.40177917480469,36.01430892944336
24.99430274963379,10.754439353942871,-3.1413114070892334,20.815574645996094,54.93727493286133,-36.01430892944336
24.26387596130371,10.452010154724121,-3.1413114070892334,-20.815574645996094,52.016014099121094,-36.01430892944336
-24.26387596130371,-10.452010154724121,-3.1413114070892334,-20.815574645996094,51.86687469482422,-36.01430892944336
-24.26387596130371,-10.452010154724121,-3.1413114070892334,-20.815574645996094,-51.86687469482422,-36.01430892944336
