user #0,user #1,user #2,user #3,user #4,user #5
28.929584503173828,9.981529235839844,3.1693265438079834,23.487878799438477,52.21350860595703,37.12256622314453
25.611366271972656,-9.981529235839844,-3.1693265438079834,20.61202621459961,51.836788177490234,-37.12256622314453
24.997352600097656,-9.981529235839844,-3.1693265438079834,20.066143035888672,50.991214752197266,36.45928955078125
24.532365798950195,-9.981529235839844,-3.1693265438079834,-20.066143035888672,-50.991214752197266,-36.45928955078125
-24.532365798950195,-9.981529235839844,-3.1693265438079834,-20.066143035888672,-50.991214752197266,-36.45928955078125
