user #0,user #1,user #2,user #3,user #4,user #5
26.995569229125977,10.225289344787598,3.2790322303771973,22.275270462036133,51.24587631225586,37.366207122802734
25.08345603942871,10.143543243408203,-3.2790322303771973,-22.275270462036133,49.2487678527832,37.050201416015625
24.32923698425293,-10.143543243408203,-3.2790322303771973,-22.275270462036133,-49.2487678527832,-37.050201416015625
-24.32923698425293,-10.143543243408203,-3.2790322303771973,21.454851150512695,-49.2487678527832,36.886024475097656
-24.32923698425293,-10.143543243408203,-3.2790322303771973,-21.454851150512695,-49.2487678527832,-36.886024475097656
