user #0,user #1,user #2,user #3,user #4,user #5
28.188411712646484,9.922794342041016,3.1890246868133545,24.554630279541016,49.98291015625,37.68651580810547
24.792835235595703,-9.922794342041016,-3.1890246868133545,22.106094360351562,-49.98291015625,-37.68651580810547
-24.792835235595703,-9.922794342041016,-3.1890246868133545,21.062734603881836,-49.98291015625,36.92530822753906
-24.792835235595703,-9.922794342041016,-3.1890246868133545,-21.062734603881836,-49.98291015625,-36.92530822753906
