user #0,user #1,user #2,user #3,user #4,user #5
33.06352095175518,10.787762271840046,4.05887525045735,21.701948680867822,38.22037491757112,20.558046736142146
