user #0,user #1,user #2,user #3,user #4,user #5
36.54503504249959,20.385534746135356,6.597826419326336,31.682703810714933,56.57102971656014,28.364636458940904
