user #0,user #1,user #2,user #3,user #4,user #5
39.41403500311819,20.34362586901478,6.07675348672492,34.159087995099,58.544956908675466,32.878678686370506
