user #0,user #1,user #2,user #3,user #4,user #5
34.58427881897111,19.888063131654995,8.60981329827593,30.78930978768059,53.95402685400434,27.578724865627485
