user #0,user #1,user #2,user #3,user #4,user #5
25.01827049255371,14.996533393859863,3.980022430419922,25.78299331665039,48.019432067871094,33.31332778930664
23.705543518066406,14.626663208007812,3.7994608879089355,26.249780654907227,50.83418273925781,32.571163177490234
28.329299926757812,11.93039321899414,4.289064884185791,24.034406661987305,47.53068923950195,32.88988494873047
27.14168357849121,11.227317810058594,7.288693428039551,25.890382766723633,53.88777542114258,33.545040130615234
24.054262161254883,12.024884223937988,3.5495269298553467,26.03132438659668,46.622615814208984,34.172489166259766
